{"cameraMode":{"drawMode":0,"name":"Shaded","section":"Shading Mode"},"sceneLighting":true,"audioPlay":false,"sceneViewState":{"showFog":true,"showMaterialUpdate":true,"showSkybox":true,"showFlares":true,"showImageEffects":true,"showParticleSystems":true},"in2DMode":false,"pivot":{"x":0.0,"y":6.539999961853027,"z":-12.239999771118164},"rotation":{"x":0.011690462939441204,"y":0.005093258339911699,"z":0.00021037219266872853,"w":-0.9999186992645264},"size":4.462669372558594,"orthographic":false}