{"cameraMode":{"drawMode":0,"name":"Shaded","section":"Shading Mode"},"sceneLighting":true,"audioPlay":false,"sceneViewState":{"showFog":true,"showMaterialUpdate":false,"showSkybox":true,"showFlares":true,"showImageEffects":true,"showParticleSystems":true},"in2DMode":false,"pivot":{"x":-2.680000066757202,"y":4.708556652069092,"z":-0.1268729567527771},"rotation":{"x":-0.03929736092686653,"y":0.011089179664850235,"z":-0.00043418616405688226,"w":-0.999165952205658},"size":22.344697952270509,"orthographic":false}