{"cameraMode":{"drawMode":0,"name":"Shaded","section":"Shading Mode"},"sceneLighting":true,"audioPlay":false,"sceneViewState":{"showFog":true,"showMaterialUpdate":false,"showSkybox":true,"showFlares":true,"showImageEffects":true,"showParticleSystems":true},"in2DMode":false,"pivot":{"x":-3.4000000953674318,"y":0.8700000047683716,"z":0.0},"rotation":{"x":-0.07972351461648941,"y":0.00657701538875699,"z":-0.0005240727332420647,"w":-0.9967952370643616},"size":19.07647705078125,"orthographic":false}